"","year","ubigeo","n","pop_landscan","malaria_incidence"
"1",2010,"160101",514,182719.4,2.81305652273377
"2",2010,"160102",486,6343.9,76.609025993474
"3",2010,"160103",65,5345.8,12.1590781548131
"4",2010,"160104",47,2837.4,16.5644604215126
"5",2010,"160105",29,3206,9.0455396132252
"6",2010,"160106",555,2954,187.880839539607
"7",2010,"160107",549,8745.7,62.7737059354883
"8",2010,"160108",311,65237,4.76723331851557
"9",2010,"160110",8,2647.8,3.0213762368759
"10",2010,"160112",204,28935.3,7.05021202475869
"11",2010,"160113",2412,130827.9,18.4364344302706
"12",2010,"160201",192,73166.6,2.62414817690039
"13",2010,"160202",55,3186.3,17.2614003703355
"14",2010,"160205",7,5150.2,1.3591705176498
"15",2010,"160206",14,12850.8,1.08942633921624
"16",2010,"160210",8,2213.1,3.61483891374091
"17",2010,"160211",13,4468.4,2.90931877181989
"18",2010,"160301",294,18767.1,15.6657128698627
"19",2010,"160302",14,6394.1,2.18951846233246
"20",2010,"160303",92,11180.7,8.22846512293506
"21",2010,"160304",770,24092.1,31.9606842076863
"22",2010,"160305",274,6885.8,39.7920357837869
"23",2010,"160401",452,12836.1,35.2131878062651
"24",2010,"160402",115,13295.3,8.64967319278241
"25",2010,"160403",1118,12393.8,90.2063935193403
"26",2010,"160404",76,15041,5.05285552822286
"27",2010,"160501",27,19255.6,1.40218949292673
"28",2010,"160502",260,3966.5,65.5489726459095
"29",2010,"160504",64,4678.7,13.6790134011584
"30",2010,"160505",16,6259.9,2.55595137302513
"31",2010,"160506",3,2719.7,1.10306283781299
"32",2010,"160507",6,1490.2,4.0263051939337
"33",2010,"160508",444,1699.8,261.207200847159
"34",2010,"160509",2,1260.2,1.58704967465482
"35",2010,"160510",1,6411.9,0.155960011852961
"36",2010,"160511",1030,5415.7,190.187787358975
"37",2010,"160601",10,31305.4,0.319433707922595
"38",2010,"160603",1,4115.6,0.242977937603266
"39",2010,"160605",136,14665.3,9.27359140283527
"40",2010,"160606",2,6757.8,0.295954304655361
"41",2010,"160701",35,11886.6,2.94449211717396
"42",2010,"160702",53,3684,14.3865363735071
"43",2010,"160703",72,11301.9,6.37061025137366
"44",2010,"160704",15,7396.2,2.02806846759147
"45",2010,"160705",220,11053.1,19.9039183577458
"46",2010,"160706",191,9518.1,20.0670301845957
"47",2010,"160801",130,4293.5,30.2783277046699
"48",2010,"160803",54,3587.9,15.0505866941665
"49",2011,"160101",811,172654.7,4.69723673899407
"50",2011,"160102",855,5957.4,143.518984792023
"51",2011,"160103",42,5142,8.16802800466744
"52",2011,"160104",206,2702.9,76.2144363461467
"53",2011,"160105",82,2744.6,29.8768490854769
"54",2011,"160106",1769,2714.9,651.589377140963
"55",2011,"160107",615,8090.7,76.0132003411324
"56",2011,"160108",1303,61684.7,21.1235525178853
"57",2011,"160110",1,2515.2,0.397582697201018
"58",2011,"160112",180,27362.2,6.57841840202908
"59",2011,"160113",1513,123679,12.2332813169576
"60",2011,"160201",62,75129.3,0.825243946103584
"61",2011,"160202",21,2402.9,8.73943984352241
"62",2011,"160205",3,5245.5,0.57191878753217
"63",2011,"160206",10,13134.9,0.761330501183869
"64",2011,"160211",3,4575,0.655737704918033
"65",2011,"160301",64,16577.4,3.86067779024455
"66",2011,"160302",11,5644.9,1.94866162376659
"67",2011,"160303",699,9895.7,70.636741210829
"68",2011,"160304",196,21488.2,9.12128517046565
"69",2011,"160305",7,6443.8,1.08631552810453
"70",2011,"160401",271,12120.9,22.3580757204498
"71",2011,"160402",141,12627.2,11.1663710086163
"72",2011,"160403",845,12142,69.593147751606
"73",2011,"160404",65,14648.7,4.43725381774492
"74",2011,"160501",19,17845.1,1.06471804585012
"75",2011,"160502",36,3651.1,9.86004217906932
"76",2011,"160503",1,1397.5,0.715563506261181
"77",2011,"160504",21,4302.5,4.88088320743754
"78",2011,"160505",4,5622,0.711490572749911
"79",2011,"160507",3,1362.5,2.20183486238532
"80",2011,"160508",258,1547.9,166.677433942761
"81",2011,"160509",1,1165.1,0.858295425285383
"82",2011,"160510",4,5942.3,0.673140029954731
"83",2011,"160511",654,4599.1,142.201735122089
"84",2011,"160601",5,27542.9,0.18153498723809
"85",2011,"160604",3,5172.4,0.580001546670791
"86",2011,"160605",25,15574,1.60523950173366
"87",2011,"160606",2,6048.4,0.330665961245949
"88",2011,"160701",24,10100.5,2.3761199940597
"89",2011,"160702",5,3106,1.60978750804894
"90",2011,"160703",4,9633,0.415239281636043
"91",2011,"160704",5,6199.9,0.806464620397103
"92",2011,"160705",655,9223.3,71.0157969490313
"93",2011,"160706",190,7881.5,24.1070862145531
"94",2011,"160801",84,3747.1,22.41733607323
"95",2011,"160803",1,3429.2,0.291613204245888
"96",2012,"160101",915,181439.5,5.04300331515464
"97",2012,"160102",1782,4239.3,420.352416672564
"98",2012,"160103",212,3301.3,64.2171265864962
"99",2012,"160104",541,1842.1,293.686553390153
"100",2012,"160105",342,1284,266.355140186916
"101",2012,"160106",1500,1186.4,1264.32906271072
"102",2012,"160107",682,4047.5,168.499073502162
"103",2012,"160108",1606,62229.1,25.8078615952987
"104",2012,"160110",23,1449.7,15.8653514520246
"105",2012,"160112",474,29986.8,15.8069550602265
"106",2012,"160113",3612,132073.9,27.3483254450728
"107",2012,"160201",89,78659.7,1.13145613319146
"108",2012,"160202",10,1792.5,5.57880055788006
"109",2012,"160205",1,4681,0.21362956633198
"110",2012,"160206",134,12945.1,10.3514070961213
"111",2012,"160210",6,1884,3.18471337579618
"112",2012,"160211",9,4140.7,2.17354553577897
"113",2012,"160301",673,17513.7,38.4270599587751
"114",2012,"160302",13,3532.7,3.67990488861211
"115",2012,"160303",981,8198.1,119.661872872983
"116",2012,"160304",802,25948.6,30.9072551120292
"117",2012,"160305",32,5897.3,5.42621199531989
"118",2012,"160401",3313,15501.2,213.725389002142
"119",2012,"160402",770,11825.4,65.1140764794426
"120",2012,"160403",2768,9819.2,281.896692194883
"121",2012,"160404",502,15479.5,32.4299880487096
"122",2012,"160501",55,23591.6,2.33133827294461
"123",2012,"160502",206,1954.4,105.403192795743
"124",2012,"160503",2,1659.6,1.20510966497951
"125",2012,"160504",9,4232.2,2.12655356552148
"126",2012,"160505",2,4650.5,0.430061283732932
"127",2012,"160506",2,1172.8,1.70532060027285
"128",2012,"160507",8,807.7,9.90466757459453
"129",2012,"160508",448,1069.6,418.848167539267
"130",2012,"160509",6,1072.4,5.59492726594554
"131",2012,"160510",1,5959.4,0.16780212773098
"132",2012,"160511",589,4668.1,126.175531800947
"133",2012,"160601",2,30255.9,0.0661028096999263
"134",2012,"160604",3,3944.3,0.760591232918388
"135",2012,"160605",9,15198.9,0.592148115982078
"136",2012,"160606",2,6497.8,0.307796484964142
"137",2012,"160701",24,10031.7,2.39241604114956
"138",2012,"160702",5,2139.5,2.33699462491236
"139",2012,"160703",1,14492.7,0.0690002553009446
"140",2012,"160704",39,5389.3,7.23656133449613
"141",2012,"160705",1206,8404.7,143.491141861102
"142",2012,"160706",660,5811.5,113.56792566463
"143",2012,"160801",77,1878.5,40.9901517167953
"144",2013,"160101",2569,194034.1,13.2399408145269
"145",2013,"160102",1637,6522.4,250.981233901631
"146",2013,"160103",614,4689.7,130.92521909717
"147",2013,"160104",506,3891,130.043690567977
"148",2013,"160105",236,2769,85.2293246659444
"149",2013,"160106",1971,3768.5,523.019769138915
"150",2013,"160107",1772,8770.1,202.050147660802
"151",2013,"160108",3066,106087.6,28.9006443731407
"152",2013,"160110",119,2753.4,43.2192925110772
"153",2013,"160112",817,29276.1,27.9067225484269
"154",2013,"160113",7175,124713.9,57.531678505764
"155",2013,"160201",161,63763.2,2.52496737930342
"156",2013,"160202",45,2285.3,19.6910690062574
"157",2013,"160205",1,5465.9,0.182952487239064
"158",2013,"160206",195,17830.5,10.9363169849415
"159",2013,"160210",11,2210.8,4.97557445268681
"160",2013,"160211",44,4988.2,8.82081712842308
"161",2013,"160301",1359,16499.4,82.3666315138732
"162",2013,"160302",46,5691.2,8.08265392184425
"163",2013,"160303",3603,10933.7,329.531631561137
"164",2013,"160304",1082,20933.3,51.6879803948732
"165",2013,"160305",468,6667.8,70.1880680284352
"166",2013,"160401",3985,12181.1,327.146152646313
"167",2013,"160402",694,12964,53.5328602283246
"168",2013,"160403",4240,12535.7,338.234003685474
"169",2013,"160404",441,14330.5,30.7735249991277
"170",2013,"160501",64,18163.5,3.52354997660143
"171",2013,"160502",264,3344.4,78.9379260853965
"172",2013,"160503",1,1523.1,0.656555708751888
"173",2013,"160504",18,5655.3,3.1828550209538
"174",2013,"160506",7,3157.6,2.21687357486699
"175",2013,"160507",16,1238.3,12.9209399983849
"176",2013,"160508",595,1448,410.911602209945
"177",2013,"160509",104,1309.5,79.4196258113784
"178",2013,"160510",5,5931.7,0.842928671375828
"179",2013,"160511",637,4560.8,139.668479214173
"180",2013,"160601",10,28475.4,0.35118031704559
"181",2013,"160604",1,5285.4,0.189200438945018
"182",2013,"160605",4,16269.6,0.245857304420514
"183",2013,"160606",1,6030.7,0.165818230056212
"184",2013,"160701",79,10222.5,7.72805086818293
"185",2013,"160702",2,3023.6,0.661463156502183
"186",2013,"160703",17,9762.7,1.74132156063384
"187",2013,"160704",301,6780.7,44.3906971256655
"188",2013,"160705",2483,9455.8,262.590156306183
"189",2013,"160706",2116,8795.5,240.577568074584
"190",2013,"160801",156,3954.2,39.4517222194123
"191",2013,"160803",1,3589.2,0.278613618633679
"192",2014,"160101",3556,195967.8,18.1458382448545
"193",2014,"160102",2387,6576.4,362.964539869838
"194",2014,"160103",231,4747.3,48.6592378825859
"195",2014,"160104",296,3925.2,75.4101701824111
"196",2014,"160105",157,2814.3,55.7865188501581
"197",2014,"160106",1969,3822.4,515.121389702805
"198",2014,"160107",3229,8867.7,364.130496070007
"199",2014,"160108",3552,107137.3,33.1537195729218
"200",2014,"160110",550,2766.2,198.828718097028
"201",2014,"160112",655,29568.2,22.1521770009673
"202",2014,"160113",10693,125931.3,84.9113762821475
"203",2014,"160201",569,64385.4,8.83740723828694
"204",2014,"160202",54,2311.8,23.3584220088243
"205",2014,"160206",492,18001.9,27.3304484526633
"206",2014,"160210",4,2241,1.78491744756805
"207",2014,"160211",4,5033.5,0.794675672990961
"208",2014,"160301",1790,16765.5,106.766872446393
"209",2014,"160302",319,5755,55.4300608166811
"210",2014,"160303",5186,11002.3,471.355989202258
"211",2014,"160304",2749,21106.2,130.24608882698
"212",2014,"160305",2807,6708.7,418.411912889233
"213",2014,"160401",1861,12319.6,151.060099353875
"214",2014,"160402",519,13059.1,39.7424018500509
"215",2014,"160403",2631,12684.1,207.425043952665
"216",2014,"160404",240,14474.1,16.5813418450888
"217",2014,"160501",113,18318,6.16879572005678
"218",2014,"160502",441,3370.1,130.856651137948
"219",2014,"160503",6,1537.2,3.9032006245121
"220",2014,"160504",23,5719.2,4.02154147433207
"221",2014,"160505",11,5738.4,1.91691063711139
"222",2014,"160506",4,3178.1,1.25861363707876
"223",2014,"160507",15,1248.4,12.0153796859981
"224",2014,"160508",306,1462.4,209.245076586433
"225",2014,"160509",72,1337.3,53.8398265161146
"226",2014,"160510",12,5980.2,2.00662185211197
"227",2014,"160511",584,4659.1,125.346096885665
"228",2014,"160601",9,28767.9,0.312848695942352
"229",2014,"160603",1,5379.1,0.18590470524809
"230",2014,"160604",4,5311.2,0.753125470703419
"231",2014,"160605",1,16437.6,0.0608361317953959
"232",2014,"160606",1,6094.5,0.164082369349413
"233",2014,"160701",137,10299.1,13.3021331961045
"234",2014,"160702",3,3050.9,0.983316398439805
"235",2014,"160703",170,9847.3,17.263615407269
"236",2014,"160704",831,6829.5,121.678014495937
"237",2014,"160705",3705,9579.8,386.751289170964
"238",2014,"160706",7028,8914.7,788.360797334739
"239",2014,"160801",1108,3980.8,278.336012861736
"240",2014,"160803",7,3665.2,1.90985485103132
"241",2015,"160101",1972,197757.5,9.97180890737393
"242",2015,"160102",2362,6693.8,352.863844154292
"243",2015,"160103",179,4763.3,37.5789893561187
"244",2015,"160104",217,3964.3,54.7385414827334
"245",2015,"160105",158,2841.5,55.6044342776702
"246",2015,"160106",1685,3875.9,434.737738331742
"247",2015,"160107",4349,8904.3,488.415709264063
"248",2015,"160108",1869,108114,17.2873078417226
"249",2015,"160110",1179,2816.7,418.57492810736
"250",2015,"160112",618,29834.5,20.7142737434849
"251",2015,"160113",8017,127094.3,63.0791467437957
"252",2015,"160201",245,64516.5,3.79747816450055
"253",2015,"160202",457,2311.2,197.73277950848
"254",2015,"160205",18,6443.4,2.79355619703883
"255",2015,"160206",328,18031.6,18.1902881607844
"256",2015,"160210",3,2265.2,1.32438636764966
"257",2015,"160211",6,5030.3,1.19277180287458
"258",2015,"160301",3297,16894.3,195.154578763252
"259",2015,"160302",139,5833.9,23.8262568779033
"260",2015,"160303",4779,11175.7,427.624220406775
"261",2015,"160304",3773,21277.4,177.324297141568
"262",2015,"160305",2008,6773.2,296.462528789937
"263",2015,"160401",4362,12715.7,343.040493248504
"264",2015,"160402",846,12956.9,65.2933957968341
"265",2015,"160403",2844,12855.5,221.228268056474
"266",2015,"160404",369,14335.2,25.7408337518835
"267",2015,"160501",95,16823.9,5.64672876086995
"268",2015,"160502",275,3052.7,90.0841877682052
"269",2015,"160503",4,1429.8,2.79759406910057
"270",2015,"160504",2,5250.4,0.380923358220326
"271",2015,"160505",5,5270.7,0.948640598023033
"272",2015,"160506",7,2974.5,2.3533366952429
"273",2015,"160507",39,1137.4,34.2887286794443
"274",2015,"160508",254,4150.2,61.2018697894077
"275",2015,"160509",23,1230.5,18.6915887850467
"276",2015,"160510",24,5487,4.37397484964461
"277",2015,"160511",656,5675.2,115.590639977446
"278",2015,"160601",5,27797.6,0.179871643595131
"279",2015,"160602",1,1025.7,0.974943940723408
"280",2015,"160604",1,5191.4,0.192626266517702
"281",2015,"160605",1,18855.1,0.0530360486022349
"282",2015,"160606",1,5871.3,0.170320031338886
"283",2015,"160701",320,11494.3,27.839885856468
"284",2015,"160702",299,3012.4,99.2564068516797
"285",2015,"160703",362,9702.5,37.3099716567895
"286",2015,"160704",421,6724.9,62.6031613852994
"287",2015,"160705",2332,9422.6,247.490077048798
"288",2015,"160706",7789,8761,889.053760986189
"289",2015,"160801",1104,4136.3,266.905205135024
"290",2015,"160802",1,2177.6,0.459221160911095
"291",2015,"160803",195,3694.1,52.7868763704285
"292",2016,"160101",2378,198547.7,11.9769707732701
"293",2016,"160102",1571,6680.4,235.165558948566
"294",2016,"160103",105,4770.6,22.0098100867815
"295",2016,"160104",103,3957.1,26.0291627707159
"296",2016,"160105",31,2827.4,10.9641366626583
"297",2016,"160106",1055,3897.9,270.658559737294
"298",2016,"160107",4470,8978.7,497.84489959571
"299",2016,"160108",1553,108551.4,14.3065865571517
"300",2016,"160110",1547,2808.2,550.886688982266
"301",2016,"160112",483,29958.5,16.1223025184839
"302",2016,"160113",6922,127599,54.2480740444674
"303",2016,"160201",324,64148,5.05081997879903
"304",2016,"160202",793,2283.5,347.273921611561
"305",2016,"160205",95,7698.7,12.3397456713471
"306",2016,"160206",182,18053.6,10.0810918597953
"307",2016,"160210",5,2226.4,2.24577793747754
"308",2016,"160211",68,5244.1,12.966953338037
"309",2016,"160301",1122,16252.4,69.0359577662376
"310",2016,"160302",95,5572.7,17.0473917490624
"311",2016,"160303",6136,10995.3,558.056624193974
"312",2016,"160304",3608,20805.4,173.416516865814
"313",2016,"160305",2762,9085.8,303.990842853684
"314",2016,"160401",1296,13583.6,95.4091698813275
"315",2016,"160402",170,12638.1,13.4513890537343
"316",2016,"160403",903,13083.6,69.0177015500321
"317",2016,"160404",117,14033.1,8.33743078863544
"318",2016,"160501",38,14915.8,2.54763405248126
"319",2016,"160502",42,2525.9,16.6277366483234
"320",2016,"160503",5,1295.3,3.86010962711341
"321",2016,"160504",3,4770.7,0.628838535225439
"322",2016,"160505",2,4639.6,0.431071644107251
"323",2016,"160506",6,2638.2,2.27427791676143
"324",2016,"160507",19,1023.2,18.5691946833464
"325",2016,"160508",332,7552.5,43.9589539887454
"326",2016,"160509",11,1135.6,9.68650933427263
"327",2016,"160510",13,4879.5,2.66420739829901
"328",2016,"160511",291,7557.8,38.5032681468152
"329",2016,"160601",1,26673.6,0.0374902525343411
"330",2016,"160604",1,5039.3,0.19844025955986
"331",2016,"160605",2,21217.6,0.0942613679209713
"332",2016,"160701",378,12918.5,29.2603630452452
"333",2016,"160702",573,2846.5,201.299841911119
"334",2016,"160703",230,10675.6,21.5444565176665
"335",2016,"160704",313,6360.7,49.208420456868
"336",2016,"160705",3639,8900.5,408.85343520027
"337",2016,"160706",10097,8311.8,1214.77898890734
"338",2016,"160801",270,5343,50.5334081976418
"339",2016,"160802",129,2187.4,58.9741245314071
"340",2016,"160803",124,3798.6,32.6436055388828
"341",2016,"160804",110,5209.1,21.1168915935574
"342",2017,"160101",1639,200457.2,8.17630895772265
"343",2017,"160102",2199,6732.1,326.643989245555
"344",2017,"160103",101,4821.1,20.949575822945
"345",2017,"160104",134,3999.1,33.5075391963192
"346",2017,"160105",55,2872.3,19.1484176443965
"347",2017,"160106",1349,3905.9,345.374945595125
"348",2017,"160107",4143,9128.9,453.83343009563
"349",2017,"160108",1743,109576.3,15.9067243555404
"350",2017,"160110",2832,2835.1,998.906564142358
"351",2017,"160112",447,30240.5,14.7815016286106
"352",2017,"160113",3350,128826.9,26.0038858344026
"353",2017,"160201",157,64748.4,2.4247703418154
"354",2017,"160202",1715,2308.7,742.842292199073
"355",2017,"160205",66,7791.8,8.470443286532
"356",2017,"160206",220,18230.3,12.0678211548905
"357",2017,"160210",10,2254.5,4.43557329784875
"358",2017,"160211",29,5287.8,5.48432240251144
"359",2017,"160301",432,16487.6,26.2015090128339
"360",2017,"160302",59,5649.4,10.4435869295854
"361",2017,"160303",3985,11050.2,360.626956978154
"362",2017,"160304",3298,20957,157.369852555232
"363",2017,"160305",2527,9168.3,275.623616155667
"364",2017,"160401",1250,13689.3,91.3121927344715
"365",2017,"160402",97,12766.9,7.59777236447376
"366",2017,"160403",1803,13278.5,135.783409270625
"367",2017,"160404",89,14160.4,6.28513318832801
"368",2017,"160501",31,15069.7,2.05710797162518
"369",2017,"160502",3,2602.8,1.15260488704472
"370",2017,"160503",1,1303.7,0.76704763365805
"371",2017,"160504",6,4759.5,1.26063662149385
"372",2017,"160505",1,4713.3,0.21216557401396
"373",2017,"160506",2,2658.2,0.752388834549695
"374",2017,"160507",13,1032.6,12.5895797017238
"375",2017,"160508",307,7644.4,40.1601172099838
"376",2017,"160510",5,4930.8,1.01403423379573
"377",2017,"160511",616,7552.8,81.5591568689757
"378",2017,"160601",1,26941.7,0.0371171826573676
"379",2017,"160602",1,992.1,1.00796290696502
"380",2017,"160604",1,5065.3,0.197421672951257
"381",2017,"160605",1,21428.6,0.0466666044445274
"382",2017,"160606",2,5753,0.347644707109334
"383",2017,"160701",359,13050.6,27.5083137940018
"384",2017,"160702",101,2880.5,35.0633570560667
"385",2017,"160703",298,10777,27.6514800037116
"386",2017,"160704",1049,6413.7,163.556137642858
"387",2017,"160705",5161,8975.6,575.003342394937
"388",2017,"160706",10749,8395.3,1280.35924862721
"389",2017,"160801",306,5399.7,56.6698149897217
"390",2017,"160802",59,2190.6,26.9332602939834
"391",2017,"160803",294,3818.9,76.9855193904004
"392",2017,"160804",80,5282.6,15.144057850301
"393",2018,"160101",1704,169299.5,10.0650031453135
"394",2018,"160102",1983,5385.7,368.197263122714
"395",2018,"160103",47,8390.9,5.60130617692977
"396",2018,"160104",46,10988.2,4.18630894960048
"397",2018,"160105",29,3353.5,8.64768152676308
"398",2018,"160106",1360,15057,90.3234376037723
"399",2018,"160107",2148,7327.3,293.150273634217
"400",2018,"160108",1962,97605,20.1014292300599
"401",2018,"160110",2255,2280.4,988.861603227504
"402",2018,"160112",355,28766.1,12.3409151744588
"403",2018,"160113",5192,114807,45.2237232921338
"404",2018,"160201",175,72423.6,2.41633942527022
"405",2018,"160202",1553,2426.5,640.016484648671
"406",2018,"160205",7,8433.4,0.830032964166291
"407",2018,"160206",533,19430.5,27.4311005892797
"408",2018,"160210",8,2862.2,2.79505275662078
"409",2018,"160211",11,5769.2,1.90667683560979
"410",2018,"160301",209,16548.8,12.6293145122305
"411",2018,"160302",21,1713.8,12.2534718170148
"412",2018,"160303",3630,9856.8,368.27367908449
"413",2018,"160304",3467,23523.8,147.382650762207
"414",2018,"160305",2068,8438.9,245.05563521312
"415",2018,"160401",607,12403.2,48.9389834881321
"416",2018,"160402",53,9545.7,5.55223818054202
"417",2018,"160403",1504,12429.8,120.999533379459
"418",2018,"160404",26,11381.6,2.28438883812469
"419",2018,"160501",27,13280.1,2.03311722050286
"420",2018,"160502",9,1272.1,7.07491549406493
"421",2018,"160503",2,1129.7,1.77038151721696
"422",2018,"160504",14,3806.8,3.67762950509614
"423",2018,"160505",2,2937.8,0.680781537204711
"424",2018,"160506",3,522.3,5.74382538770821
"425",2018,"160507",16,4163.3,3.84310522902505
"426",2018,"160508",292,5798.8,50.3552459129475
"427",2018,"160509",3,894.7,3.35307924443948
"428",2018,"160510",5,4369.9,1.1441909425845
"429",2018,"160511",659,6612.9,99.6537071481498
"430",2018,"160603",3,4442,0.675371454299865
"431",2018,"160604",3,3532.7,0.849208820448948
"432",2018,"160605",2,17868.7,0.111927560482856
"433",2018,"160606",5,5510.7,0.907325748090079
"434",2018,"160701",175,13492.4,12.9702647416323
"435",2018,"160702",80,2575.1,31.0667546891383
"436",2018,"160703",293,11147.8,26.2832128312313
"437",2018,"160704",919,5559.1,165.314529330287
"438",2018,"160705",2782,6167.4,451.081493011642
"439",2018,"160706",7281,7582.5,960.237388724036
"440",2018,"160801",70,4782.5,14.636696288552
"441",2018,"160802",9,1808.1,4.97760079641613
"442",2018,"160803",204,1701.8,119.873075567047
"443",2018,"160804",76,3799.7,20.001579072032
"444",2019,"160101",721,150253.6,4.79855391152026
"445",2019,"160102",727,4775.5,152.235368024291
"446",2019,"160103",36,13013.9,2.76627298503907
"447",2019,"160104",54,15086.2,3.57943020773952
"448",2019,"160105",12,4053,2.96076980014804
"449",2019,"160106",618,21398.8,28.8801241191095
"450",2019,"160107",596,6549.3,91.0020918266074
"451",2019,"160108",576,92267.8,6.24269788593637
"452",2019,"160110",123,1958.9,62.790341518199
"453",2019,"160112",108,31086.1,3.47422159743422
"454",2019,"160113",1578,114624.4,13.7667023775043
"455",2019,"160201",81,76899.3,1.05332558293769
"456",2019,"160202",640,2128,300.751879699248
"457",2019,"160206",144,16240.1,8.86694047450447
"458",2019,"160210",1,4712.9,0.212183581234484
"459",2019,"160211",4,6416.6,0.623383100084157
"460",2019,"160301",262,16222.4,16.150507939639
"461",2019,"160302",25,2090.3,11.9600057408028
"462",2019,"160303",1964,9435.7,208.145659569507
"463",2019,"160304",1974,22001.2,89.7223787793393
"464",2019,"160305",844,10890.6,77.4980258204323
"465",2019,"160401",593,12590.5,47.099003216711
"466",2019,"160402",66,9342.9,7.06418777895514
"467",2019,"160403",821,13082.5,62.7555895279954
"468",2019,"160404",34,11167.5,3.04454891426013
"469",2019,"160501",8,11254.8,0.710807833102321
"470",2019,"160502",48,1094.4,43.859649122807
"471",2019,"160503",2,1199.2,1.66777851901268
"472",2019,"160504",9,4833.4,1.86204328216163
"473",2019,"160507",7,3991.7,1.75363880051106
"474",2019,"160508",138,4924.3,28.0242877160205
"475",2019,"160510",1,3701.5,0.270160745643658
"476",2019,"160511",508,5569.2,91.2159735689147
"477",2019,"160601",1,20814.1,0.0480443545481188
"478",2019,"160605",3,20278.3,0.14794139548187
"479",2019,"160701",168,12877.3,13.0462131036786
"480",2019,"160702",252,2451.6,102.790014684288
"481",2019,"160703",372,10693.2,34.7884636965548
"482",2019,"160704",351,5520.1,63.585804604989
"483",2019,"160705",1328,6157.8,215.661437526389
"484",2019,"160706",5721,9075,630.413223140496
"485",2019,"160801",99,4027.5,24.5810055865922
"486",2019,"160802",1,1486.5,0.67272115708039
"487",2019,"160803",216,1747.6,123.598077363241
"488",2019,"160804",192,3421.6,56.1140986672902
"489",2020,"160101",207,145333.4,1.42431127325171
"490",2020,"160102",274,2770.6,98.8955460910994
"491",2020,"160103",6,10903.6,0.550276972742947
"492",2020,"160104",9,13685.6,0.657625533407377
"493",2020,"160105",15,6773,2.21467591909051
"494",2020,"160106",486,18707,25.9795798364249
"495",2020,"160107",465,10974.4,42.3713369295816
"496",2020,"160108",232,89616.5,2.58880898048908
"497",2020,"160110",38,4556,8.34064969271291
"498",2020,"160112",30,28937.9,1.03670273240284
"499",2020,"160113",425,127341,3.33749538640344
"500",2020,"160201",135,72995.7,1.84942400716755
"501",2020,"160202",274,15035.1,18.224022454124
"502",2020,"160206",35,12495.1,2.80109803042793
"503",2020,"160210",23,3711.6,6.19678844703093
"504",2020,"160211",3,5178.4,0.579329522632473
"505",2020,"160301",167,18976.1,8.80054384199072
"506",2020,"160302",25,3726.2,6.70924802748108
"507",2020,"160303",1216,8917.7,136.358029536764
"508",2020,"160304",1229,17525.7,70.1255869950986
"509",2020,"160305",613,11204.2,54.7116259973938
"510",2020,"160401",175,13360.6,13.098214152059
"511",2020,"160403",302,8671.5,34.8267312460359
"512",2020,"160404",13,15246.2,0.852671485353727
"513",2020,"160501",10,13605.7,0.734986072013935
"514",2020,"160502",58,981.1,59.1173172969116
"515",2020,"160504",1,4633.4,0.215824232744853
"516",2020,"160506",2,3031.3,0.659782931415564
"517",2020,"160508",61,1903.1,32.0529662130209
"518",2020,"160509",14,613.7,22.8124490793547
"519",2020,"160511",471,4102.7,114.802447168938
"520",2020,"160601",1,21168.4,0.0472402259972412
"521",2020,"160701",84,12497,6.72161318716492
"522",2020,"160702",29,5770.9,5.02521270512398
"523",2020,"160703",290,11027.8,26.2971762273527
"524",2020,"160704",602,5464.2,110.171662823469
"525",2020,"160705",1275,5399.6,236.128602118675
"526",2020,"160706",3868,7012.6,551.578587114622
"527",2020,"160801",53,3280.8,16.1545964398927
"528",2020,"160802",1,1025.3,0.975324295328197
"529",2020,"160803",116,3439.4,33.7268128161889
"530",2020,"160804",64,2421.5,26.4298988230436
"531",2014,"160205",NA,5540.5,NA
"532",2019,"160205",NA,6029.8,NA
"533",2020,"160205",NA,4966,NA
"534",2011,"160210",NA,2225.7,NA
"535",2020,"160402",NA,8888.3,NA
"536",2010,"160503",NA,1517.6,NA
"537",2020,"160503",NA,1927.8,NA
"538",2013,"160505",NA,5682.7,NA
"539",2019,"160505",NA,6986.4,NA
"540",2020,"160505",NA,7163.9,NA
"541",2011,"160506",NA,2407.9,NA
"542",2019,"160506",NA,2407.2,NA
"543",2020,"160507",NA,4317.4,NA
"544",2017,"160509",NA,1137.2,NA
"545",2019,"160509",NA,693.6,NA
"546",2020,"160510",NA,4665.2,NA
"547",2018,"160601",NA,22453.2,NA
"548",2010,"160602",NA,1102.1,NA
"549",2011,"160602",NA,991.8,NA
"550",2012,"160602",NA,1020.5,NA
"551",2013,"160602",NA,1052,NA
"552",2014,"160602",NA,1061.5,NA
"553",2016,"160602",NA,984.5,NA
"554",2018,"160602",NA,831.6,NA
"555",2019,"160602",NA,762.1,NA
"556",2020,"160602",NA,370.8,NA
"557",2011,"160603",NA,5348.5,NA
"558",2012,"160603",NA,5299.7,NA
"559",2013,"160603",NA,5328.2,NA
"560",2015,"160603",NA,5179.2,NA
"561",2016,"160603",NA,4956.2,NA
"562",2017,"160603",NA,5010.7,NA
"563",2019,"160603",NA,4133.3,NA
"564",2020,"160603",NA,5331.1,NA
"565",2010,"160604",NA,5411.3,NA
"566",2019,"160604",NA,3309.2,NA
"567",2020,"160604",NA,6778.8,NA
"568",2020,"160605",NA,14752.4,NA
"569",2016,"160606",NA,5693.6,NA
"570",2019,"160606",NA,5149.3,NA
"571",2020,"160606",NA,5631.9,NA
"572",2010,"160802",NA,2044.1,NA
"573",2011,"160802",NA,1954,NA
"574",2012,"160802",NA,888,NA
"575",2013,"160802",NA,2107.2,NA
"576",2014,"160802",NA,2137,NA
"577",2012,"160803",NA,2199.8,NA
"578",2010,"160804",NA,5174.1,NA
"579",2011,"160804",NA,4478.9,NA
"580",2012,"160804",NA,1981.6,NA
"581",2013,"160804",NA,5053.5,NA
"582",2014,"160804",NA,5116.3,NA
"583",2015,"160804",NA,5155.5,NA
